{
  "usingComponents": {
    "van-radio": "@vant/weapp/radio/index",
    "van-radio-group": "@vant/weapp/radio-group/index",
    "van-popup": "@vant/weapp/popup/index",
    "van-cell": "@vant/weapp/cell/index",
    "van-cell-group": "@vant/weapp/cell-group/index",    
    "van-picker": "@vant/weapp/picker/index",
    "van-field": "@vant/weapp/field/index",
    "van-button": "@vant/weapp/button/index",
    "van-toast": "@vant/weapp/toast/index",
    "van-tab": "@vant/weapp/tab/index",
  "van-tabs": "@vant/weapp/tabs/index",
  "van-swipe-cell": "@vant/weapp/swipe-cell/index",
  "van-icon": "@vant/weapp/icon/index",
  "van-action-sheet": "@vant/weapp/action-sheet/index"

  },
  "navigationBarTitleText": "语音工具",
  "disableScroll": true
}
